key,match,dist
codeListValue,code,0.705198099178127
@value,value,0.0
id,doc_id,0.5887319755120672
uuid,orcId,0.587535221621531
uom,uom,0.0
codeList,code,0.5395509174959027
nilReason,DEFAULT_VALUE_KEY,1.0573320385384752
href,url,0.8882096976739176
